,x_cavity_freq,y_mod
0,198.0,4.859633179616483
1,198.4,4.873544994134841
2,198.8,4.4171974872425395
3,199.2,4.441944903513204
4,199.6,4.31657425879025
5,200.0,3.9039777858412195
6,200.4,3.3075739541059845
7,200.8,3.212735379473098
8,201.2,2.912981643178249
9,201.6,2.9757182628495564
10,202.0,3.2005608768574407
