,x_cavity_freq,y_mod
0,195.0,5796.45157840495
1,196.0,6660.494928684691
2,197.0,6742.99944974161
3,198.0,5648.248584109828
4,199.0,4782.290245929476
5,200.0,4120.546181536176
6,201.0,4477.102676209038
7,202.0,6036.174483150095
8,203.0,6211.243401251645
9,204.0,6029.569195891637
10,205.0,6257.602069149402
11,206.0,5840.618983341007
12,207.0,6451.662759476026
13,208.0,6266.208519513149
14,209.0,6185.5877084129115
15,210.0,6320.295460677887
